text,start,end
 I'm not sure whether it's right or not.,284.84,286.79
 ก็ผิด,403.0699375,404.33
 click,996.49,997.62
 Oh,1111.19,1111.46
 Yeah.,1277.18,1277.64
 of,1324.62,1325.09
 Oh,1699.5,1700.26
 I've told you.,1919.12,1920.11
 We can use,1955.46,1956.299875
 The,2220.25,2221.66
" Oh, we...",2243.89,2244.67
 Only,2496.55975,2497.28975
 spin.,2617.65,2618.03
 Yeah,2748.96,2749.48
